{"initial_reset_timestamp": 1589433744.8726454, "timestamps": [1589433760.2469802, 1589433774.6723366, 1589433789.2086973, 1589433801.5896428, 1589433814.241127, 1589433827.3199575], "episode_lengths": [1660, 1660, 1660, 1660, 1660, 1660], "episode_rewards": [21.0, 21.0, 21.0, 21.0, 21.0, 21.0], "episode_types": ["t", "t", "t", "t", "t", "t", "t", "t", "t"]}