{"initial_reset_timestamp": 1589125384.4006276, "timestamps": [1589125390.0365567, 1589125391.4527755, 1589125392.7243698, 1589125394.0727634, 1589125395.260584, 1589125396.605987, 1589125398.0561104, 1589125399.1302068, 1589125400.4247446, 1589125401.835999, 1589125403.0687027, 1589125404.2834535, 1589125405.830288, 1589125407.2225657, 1589125408.4642437, 1589125409.8575456, 1589125411.028415, 1589125412.3887768, 1589125413.4538991, 1589125414.882108, 1589125416.1656485, 1589125417.7584188, 1589125418.88241, 1589125420.3016164, 1589125421.485454, 1589125423.0811813, 1589125424.5083644, 1589125425.6004145, 1589125426.7304215, 1589125428.1855292, 1589125429.5269415, 1589125430.789568, 1589125432.260633, 1589125433.5351937, 1589125434.7210524, 1589125436.0794263, 1589125437.226353, 1589125438.463015, 1589125439.9400933, 1589125441.2286549, 1589125442.7685342, 1589125444.0760314, 1589125445.2249305, 1589125446.5922737, 1589125447.736243, 1589125448.9459786, 1589125450.429041, 1589125451.6168358, 1589125452.7228777, 1589125454.168044, 1589125455.3927662, 1589125456.7222104, 1589125457.9409227, 1589125459.3561378, 1589125460.5609438, 1589125462.0469427, 1589125463.1570015, 1589125464.463513, 1589125465.6662953, 1589125467.168245, 1589125468.3680673, 1589125469.6187208, 1589125471.044879, 1589125472.1758537, 1589125473.2998748, 1589125474.6163275, 1589125476.0016494, 1589125477.2981842, 1589125478.4949808, 1589125480.1136522, 1589125481.3543348, 1589125482.8244023, 1589125484.2156823, 1589125485.4503798, 1589125486.8197172, 1589125488.1162226, 1589125489.2621567, 1589125490.4639428, 1589125491.6567526, 1589125492.856573, 1589125494.1660702, 1589125495.297017, 1589125496.6952775, 1589125497.8931026, 1589125499.0998752, 1589125500.343549, 1589125501.6231265, 1589125502.7760432, 1589125504.5592747, 1589125505.9415774, 1589125507.6699574, 1589125509.2118316, 1589125510.4046419, 1589125511.9175959, 1589125513.3646965, 1589125514.5655134, 1589125515.9498117, 1589125517.2483392, 1589125518.3573735, 1589125519.5970578, 1589125520.8068216, 1589125522.2220364, 1589125523.6891143, 1589125524.8071237, 1589125526.1874313, 1589125527.3563058, 1589125528.6877453, 1589125530.142825, 1589125531.770472, 1589125533.1886792, 1589125534.7485373, 1589125536.353216, 1589125537.6398034, 1589125539.0440476, 1589125540.3715003, 1589125541.662047, 1589125542.935612, 1589125544.3129592, 1589125545.8239157, 1589125547.5502706, 1589125548.7720027, 1589125550.2121825, 1589125551.5795257, 1589125553.1104016, 1589125554.6742465, 1589125556.2001653, 1589125557.4109285, 1589125558.7313955, 1589125560.177529, 1589125561.7214022, 1589125562.9381533, 1589125564.3822854, 1589125566.153546, 1589125567.8918684, 1589125569.0966463, 1589125570.7482579, 1589125572.0388079, 1589125573.5318136, 1589125575.00687, 1589125576.6694243, 1589125578.21127, 1589125579.7381866, 1589125580.9858499, 1589125582.3741682, 1589125583.8871214, 1589125585.4549263, 1589125586.924966, 1589125588.4149826, 1589125589.6636732, 1589125590.9911225, 1589125592.5020792, 1589125593.883385, 1589125595.1449826, 1589125596.267979, 1589125597.50869, 1589125598.9687848, 1589125600.0847998, 1589125601.282568, 1589125602.6628764, 1589125604.521933, 1589125606.0628147, 1589125607.316462, 1589125608.6668503, 1589125610.2037401, 1589125611.4912946, 1589125612.8356984, 1589125614.062418, 1589125615.7698908, 1589125617.1880991, 1589125618.402848, 1589125619.544796, 1589125620.9231079, 1589125622.0500941, 1589125623.5839646, 1589125625.0560548, 1589125626.4602997, 1589125627.7518473, 1589125629.23887, 1589125630.651093, 1589125632.2877142, 1589125633.5523326, 1589125634.8787887, 1589125636.0915432, 1589125637.469855, 1589125638.9070144, 1589125640.2683704, 1589125641.5549016, 1589125642.6709452, 1589125644.3225284, 1589125645.7108154, 1589125646.8826814, 1589125648.4873903, 1589125649.819826, 1589125651.23604, 1589125652.4458032, 1589125653.5657794, 1589125654.8603477, 1589125656.7752268, 1589125658.3270776, 1589125659.5268674, 1589125660.6618302, 1589125662.0850236, 1589125663.6408632, 1589125665.0859978, 1589125666.237889, 1589125667.4695961, 1589125669.0863004, 1589125670.3937743, 1589125671.670389, 1589125673.070646, 1589125674.5925732, 1589125675.9369783, 1589125677.046012, 1589125678.2587402, 1589125679.8265758, 1589125682.3358662, 1589125685.2530642, 1589125688.3019176, 1589125690.8959723, 1589125693.5049663, 1589125696.223726, 1589125698.903557, 1589125701.9783347, 1589125704.900519, 1589125707.7957463, 1589125710.6890464, 1589125713.6480944, 1589125716.3797894, 1589125719.0686276, 1589125721.9948018, 1589125724.759379, 1589125727.2806363, 1589125730.4711347, 1589125733.6336455, 1589125736.7582884, 1589125739.8949444, 1589125742.6136622, 1589125745.6185954, 1589125748.3433065, 1589125751.0680182, 1589125754.3462932, 1589125757.2345562, 1589125759.749801, 1589125762.4356184, 1589125765.2321682, 1589125767.746445, 1589125770.4721236, 1589125773.245706, 1589125775.8487444, 1589125778.5655081, 1589125781.4956713, 1589125784.574465, 1589125787.0747216, 1589125789.582045, 1589125792.8682573, 1589125795.3905125, 1589125798.0932534, 1589125801.2927275, 1589125804.0962443, 1589125807.0722828, 1589125809.5915322, 1589125812.294307, 1589125815.3242002, 1589125818.1027696, 1589125820.7656484, 1589125823.451435, 1589125826.2220254, 1589125828.731317, 1589125831.4221184, 1589125834.4969249, 1589125837.1707828, 1589125840.2385395, 1589125842.9133866, 1589125845.6161582, 1589125848.1084921, 1589125851.0336988, 1589125853.7464142, 1589125856.3564644, 1589125859.056214, 1589125861.658255, 1589125864.4009204, 1589125867.1117003, 1589125870.460713, 1589125873.1505492, 1589125875.9041562, 1589125878.8323555, 1589125881.6218941, 1589125884.5371149, 1589125887.089243, 1589125889.894739, 1589125892.6454127, 1589125895.5795655, 1589125898.0918486, 1589125900.789601, 1589125903.6150742, 1589125906.6180136, 1589125909.140268, 1589125912.6209779, 1589125915.3526547, 1589125918.0125766], "episode_lengths": [1225, 1002, 901, 966, 852, 955, 940, 764, 930, 1006, 852, 852, 1102, 980, 884, 975, 824, 964, 764, 1009, 886, 1132, 792, 998, 824, 985, 990, 764, 792, 1017, 914, 884, 1024, 886, 824, 923, 794, 852, 1023, 886, 1074, 902, 793, 939, 792, 824, 1025, 826, 764, 1001, 843, 912, 824, 979, 824, 1036, 764, 903, 824, 1025, 824, 852, 885, 764, 764, 888, 946, 889, 825, 1104, 850, 1004, 948, 843, 946, 902, 792, 824, 825, 824, 884, 764, 947, 826, 826, 822, 884, 792, 1227, 942, 1156, 1065, 824, 1049, 1003, 824, 941, 886, 764, 842, 824, 976, 1004, 764, 945, 802, 914, 1009, 1117, 972, 1083, 1085, 889, 966, 894, 884, 884, 944, 1022, 1178, 842, 979, 944, 934, 1066, 1042, 824, 903, 981, 1056, 825, 973, 1195, 1182, 824, 1135, 884, 1007, 1005, 1127, 1067, 1024, 842, 955, 1035, 1051, 998, 1022, 854, 901, 1034, 944, 855, 764, 852, 981, 764, 822, 947, 1264, 1042, 852, 915, 1046, 884, 912, 824, 1156, 965, 824, 764, 947, 764, 1069, 1004, 949, 887, 1008, 965, 1111, 862, 912, 826, 940, 990, 930, 884, 764, 1125, 936, 792, 1098, 913, 973, 824, 764, 884, 1314, 1034, 824, 764, 979, 1060, 982, 792, 852, 1101, 882, 884, 946, 1006, 912, 764, 826, 958, 946, 886, 933, 792, 792, 826, 826, 945, 899, 886, 884, 764, 824, 826, 888, 826, 764, 946, 950, 946, 950, 824, 914, 824, 826, 998, 880, 764, 822, 851, 764, 824, 843, 792, 825, 885, 947, 764, 764, 1006, 764, 824, 974, 852, 904, 764, 820, 792, 852, 820, 825, 852, 764, 826, 947, 824, 945, 824, 824, 764, 886, 825, 792, 826, 792, 826, 824, 1006, 824, 842, 880, 852, 888, 764, 854, 824, 884, 764, 825, 854, 914, 764, 902, 842, 824],