{"initial_reset_timestamp": 1589744848.4635372, "timestamps": [1589744853.7114673, 1589744858.254773, 1589744862.815582, 1589744867.3617823, 1589744871.9324145, 1589744876.5401032, 1589744881.5675707, 1589744886.1850212, 1589744890.7624502, 1589744895.3837726, 1589744899.9983814, 1589744904.5933814, 1589744909.1942098, 1589744913.8165677, 1589744918.4369507, 1589744923.0485084, 1589744927.6523225, 1589744932.3527322, 1589744936.9808867, 1589744941.6247182, 1589744946.274345, 1589744950.908416, 1589744955.6615353, 1589744960.3189647, 1589744964.9559333, 1589744970.1179895, 1589744974.7706122], "episode_lengths": [1660, 1660, 1660, 1660, 1660, 1660, 1660, 1660, 1660, 1660, 1660, 1660, 1660, 1660, 1660, 1660, 1660, 1660, 1660, 1660, 1660, 1660, 1660, 1660, 1660, 1660, 1660], "episode_rewards": [21.0, 21.0, 21.0, 21.0, 21.0, 21.0, 21.0, 21.0, 21.0, 21.0, 21.0, 21.0, 21.0, 21.0, 21.0, 21.0, 21.0, 21.0, 21.0, 21.0, 21.0, 21.0, 21.0, 21.0, 21.0, 21.0, 21.0], "episode_types": ["t", "t", "t", "t", "t", "t", "t", "t", "t", "t", "t", "t", "t", "t", "t", "t", "t", "t", "t", "t", "t", "t", "t", "t", "t", "t", "t", "t", "t", "t"]}