{"initial_reset_timestamp": 1590628773.7939775, "timestamps": [1590628803.9223137, 1590628811.0675986, 1590628818.2574208, 1590628825.4202428], "episode_lengths": [2616, 2616, 2616, 2616], "episode_rewards": [21.0, 21.0, 21.0, 21.0], "episode_types": ["t", "t", "t", "t", "t", "t", "t"]}